id,true_lat,true_lon,ServiceType,A,zipcode,observed_lat,observed_lon
1,0.994260872,6.939724705,1,1,61,0.994260872,6.939724705
2,2.299340756,2.022793391,1,1,23,2.299340756,2.022793391
3,4.436262054,5.222015753,1,1,55,4.436262054,5.222015753
4,5.157049047,8.133963379,1,1,86,5.157049047,8.133963379
5,9.248942458,9.161581991,1,0,100,9.5,9.5
6,0.444568363,9.463884449,1,1,91,0.444568363,9.463884449
7,1.4915658,8.134322474,1,1,82,1.4915658,8.134322474
8,8.48173884,5.495420976,1,1,59,8.48173884,5.495420976
9,1.529559076,0.697976325,1,1,2,1.529559076,0.697976325
10,8.249667988,0.623198191,1,1,9,8.249667988,0.623198191
11,8.631921196,9.777355192,1,1,99,8.631921196,9.777355192
12,6.543586599,5.705713606,1,1,57,6.543586599,5.705713606
13,0.220086016,8.173134944,1,0,81,0.5,8.5
14,9.979430493,6.020718545,1,1,70,9.979430493,6.020718545
15,1.47647406,7.355599792,1,1,72,1.47647406,7.355599792
16,0.825577057,7.988430075,1,1,71,0.825577057,7.988430075
17,7.976932214,8.998306,1,1,88,7.976932214,8.998306
18,3.440654075,2.73231871,1,0,24,3.5,2.5
19,7.286060092,0.812944027,1,1,8,7.286060092,0.812944027
20,3.410495843,0.285733095,1,1,4,3.410495843,0.285733095
21,8.608303124,5.310375714,1,1,59,8.608303124,5.310375714
22,4.0722344,9.099916855,1,1,95,4.0722344,9.099916855
23,5.685604715,0.420440789,1,1,6,5.685604715,0.420440789
24,9.015503402,4.416711528,1,1,50,9.015503402,4.416711528
25,9.352645874,7.797665445,1,1,80,9.352645874,7.797665445
26,8.472000654,2.419175219,1,0,29,8.5,2.5
27,4.140229521,5.621311476,1,1,55,4.140229521,5.621311476
28,3.474344276,5.374447801,1,1,54,3.474344276,5.374447801
29,4.568983915,3.041929398,1,1,35,4.568983915,3.041929398
30,9.037745774,3.332970513,1,1,40,9.037745774,3.332970513
31,3.602777214,6.025111282,1,0,64,3.5,6.5
32,5.791492232,9.726582565,1,1,96,5.791492232,9.726582565
33,6.281828401,8.852519733,1,1,87,6.281828401,8.852519733
34,7.134869962,1.951300183,1,1,18,7.134869962,1.951300183
35,0.220602453,6.683534344,1,1,61,0.220602453,6.683534344
36,4.969065846,9.096293494,1,1,95,4.969065846,9.096293494
37,4.405028,6.269535536,1,1,65,4.405028,6.269535536
38,5.577421037,7.250918034,1,1,76,5.577421037,7.250918034
39,1.756188539,8.670315603,1,1,82,1.756188539,8.670315603
40,5.635869007,6.052509081,1,0,66,5.5,6.5
41,6.09652349,9.915191298,1,0,97,6.5,9.5
42,6.390128997,8.656133455,1,1,87,6.390128997,8.656133455
43,7.92989007,7.698299587,1,1,78,7.92989007,7.698299587
44,3.464461036,5.352651249,1,1,54,3.464461036,5.352651249
45,3.335031627,1.83830237,1,1,14,3.335031627,1.83830237
46,9.874712862,8.905205696,1,1,90,9.874712862,8.905205696
47,7.164507983,7.757567901,1,1,78,7.164507983,7.757567901
48,4.110368493,0.668420659,1,0,5,4.5,0.5
49,5.702433558,9.044373187,1,1,96,5.702433558,9.044373187
50,1.049496075,8.379700491,1,1,82,1.049496075,8.379700491
51,8.672685213,6.725131918,1,1,69,8.672685213,6.725131918
52,4.778781414,0.295295531,1,1,5,4.778781414,0.295295531
53,2.785666285,1.973209591,1,0,13,2.5,1.5
54,4.630207387,1.386367998,1,1,15,4.630207387,1.386367998
55,0.410848528,1.473314511,1,1,11,0.410848528,1.473314511
56,8.743469159,9.291072721,1,1,99,8.743469159,9.291072721
57,7.433382492,5.015932752,1,1,58,7.433382492,5.015932752
58,0.726328203,6.380758821,1,1,61,0.726328203,6.380758821
59,4.259650176,0.77864381,1,1,5,4.259650176,0.77864381
60,5.157740989,3.928550445,1,1,36,5.157740989,3.928550445
61,7.387045722,6.898735852,1,1,68,7.387045722,6.898735852
62,2.680203572,5.85043649,1,1,53,2.680203572,5.85043649
63,4.872992872,8.32550942,1,0,85,4.5,8.5
64,9.623953735,3.088303658,1,0,40,9.5,3.5
65,8.418851502,6.966309357,1,1,69,8.418851502,6.966309357
66,2.681082212,7.153491781,1,1,73,2.681082212,7.153491781
67,2.607396969,1.333466095,1,1,13,2.607396969,1.333466095
68,9.133851803,3.243339933,1,1,40,9.133851803,3.243339933
69,5.991072529,3.849646631,1,1,36,5.991072529,3.849646631
70,0.636683633,7.451405246,1,1,71,0.636683633,7.451405246
71,7.173663327,9.728239509,1,1,98,7.173663327,9.728239509
72,7.421439788,8.86159773,1,1,88,7.421439788,8.86159773
73,2.627069724,0.091198988,1,1,3,2.627069724,0.091198988
74,5.3002265,6.628540661,1,1,66,5.3002265,6.628540661
75,8.04355883,3.352580694,1,0,39,8.5,3.5
76,7.278188856,5.258707155,1,1,58,7.278188856,5.258707155
77,8.653947313,4.208134678,1,1,49,8.653947313,4.208134678
78,0.463959803,9.028850724,1,1,91,0.463959803,9.028850724
79,0.08081245,8.602130751,1,1,81,0.08081245,8.602130751
80,9.393897916,8.527737127,1,1,90,9.393897916,8.527737127
81,2.41662432,2.806706913,1,1,23,2.41662432,2.806706913
82,8.997069411,7.933377018,1,0,79,8.5,7.5
83,5.113481141,4.161552396,1,1,46,5.113481141,4.161552396
84,6.969351373,3.903387594,1,1,37,6.969351373,3.903387594
85,9.570553503,3.400386316,1,1,40,9.570553503,3.400386316
86,0.541673789,0.432832532,1,1,1,0.541673789,0.432832532
87,1.295977051,6.537493139,1,1,62,1.295977051,6.537493139
88,7.682044986,5.978686586,1,1,58,7.682044986,5.978686586
89,8.613149433,0.905824837,1,1,9,8.613149433,0.905824837
90,7.278726187,7.165509933,1,1,78,7.278726187,7.165509933
91,9.042041593,9.895923447,1,1,100,9.042041593,9.895923447
92,7.415114422,6.818962144,1,0,68,7.5,6.5
93,1.61511539,3.629851076,1,1,32,1.61511539,3.629851076
94,4.824496026,8.900840955,1,0,85,4.5,8.5
95,4.100493968,3.740660436,1,1,35,4.100493968,3.740660436
96,4.659072638,7.858324186,1,1,75,4.659072638,7.858324186
97,4.43499197,3.339755842,1,1,35,4.43499197,3.339755842
98,0.265242036,6.088029833,1,1,61,0.265242036,6.088029833
99,6.539522654,4.091969291,1,1,47,6.539522654,4.091969291
100,3.905836442,0.075098884,1,1,4,3.905836442,0.075098884
101,0.262239345,4.777035594,2,1,41,0.262239345,4.777035594
102,2.910003348,4.044626008,2,0,43,2.5,4.5
103,0.004488295,3.549295128,2,1,31,0.004488295,3.549295128
104,6.454668748,2.244061192,2,1,27,6.454668748,2.244061192
105,8.269246418,6.82356996,2,1,69,8.269246418,6.82356996
106,7.54912429,3.391498276,2,1,38,7.54912429,3.391498276
107,5.148178525,4.753990287,2,1,46,5.148178525,4.753990287
108,6.19599252,0.798530427,2,1,7,6.19599252,0.798530427
109,3.979892961,0.166814392,2,1,4,3.979892961,0.166814392
110,4.305372024,4.355329294,2,0,45,4.5,4.5
111,6.347250536,1.581145553,2,1,17,6.347250536,1.581145553
112,4.797932676,5.814155913,2,1,55,4.797932676,5.814155913
113,5.593633349,3.022973372,2,0,36,5.5,3.5
114,5.097432989,2.728233812,2,1,26,5.097432989,2.728233812
115,8.265101276,9.864546994,2,1,99,8.265101276,9.864546994
116,5.600976583,0.172772703,2,0,6,5.5,0.5
117,0.132807584,6.274035757,2,1,61,0.132807584,6.274035757
118,4.75593752,3.245254925,2,1,35,4.75593752,3.245254925
119,0.364418153,1.008348668,2,1,11,0.364418153,1.008348668
120,2.448342,9.038865073,2,0,93,2.5,9.5
121,9.54687204,9.811741479,2,0,100,9.5,9.5
122,2.69625165,5.973079975,2,1,53,2.69625165,5.973079975
123,0.472132596,7.091553456,2,1,71,0.472132596,7.091553456
124,9.617045652,3.69138327,2,1,40,9.617045652,3.69138327
125,0.411765689,9.778098203,2,0,91,0.5,9.5
126,5.685715808,3.645092882,2,1,36,5.685715808,3.645092882
127,4.893754795,3.868356966,2,1,35,4.893754795,3.868356966
128,8.156825237,3.446945092,2,0,39,8.5,3.5
129,5.262332316,6.849214509,2,0,66,5.5,6.5
130,8.368379199,9.814785528,2,1,99,8.368379199,9.814785528
131,0.71826295,0.840210097,2,0,1,0.5,0.5
132,7.455581927,2.304558347,2,1,28,7.455581927,2.304558347
133,3.374601963,8.219730905,2,1,84,3.374601963,8.219730905
134,6.204041298,0.301959638,2,0,7,6.5,0.5
135,7.179785939,2.061961915,2,1,28,7.179785939,2.061961915
136,9.496248781,5.130714024,2,1,60,9.496248781,5.130714024
137,2.719512167,2.580270476,2,1,23,2.719512167,2.580270476
138,9.718085302,6.484390162,2,1,70,9.718085302,6.484390162
139,4.724074309,9.317700583,2,1,95,4.724074309,9.317700583
140,7.976263147,0.802950936,2,1,8,7.976263147,0.802950936
141,9.088888676,1.732973882,2,1,20,9.088888676,1.732973882
142,9.90690205,3.663168766,2,1,40,9.90690205,3.663168766
143,2.213202249,1.201965227,2,1,13,2.213202249,1.201965227
144,1.924467573,1.484165066,2,1,12,1.924467573,1.484165066
145,7.099349364,7.861436929,2,1,78,7.099349364,7.861436929
146,8.457011958,5.156643293,2,1,59,8.457011958,5.156643293
147,0.437571695,2.129917545,2,1,21,0.437571695,2.129917545
148,7.283248159,7.163121523,2,1,78,7.283248159,7.163121523
149,2.991912132,8.387779586,2,1,83,2.991912132,8.387779586
150,2.576841901,3.674842985,2,1,33,2.576841901,3.674842985
151,9.804799608,9.824500014,2,1,100,9.804799608,9.824500014
152,8.653444445,3.769753645,2,1,39,8.653444445,3.769753645
153,6.641179975,9.661731881,2,1,97,6.641179975,9.661731881
154,8.688727603,3.025264945,2,1,39,8.688727603,3.025264945
155,8.434061243,6.527582365,2,1,69,8.434061243,6.527582365
156,9.666821721,1.549460825,2,1,20,9.666821721,1.549460825
157,9.132655612,4.61897084,2,1,50,9.132655612,4.61897084
158,2.836070871,1.679190532,2,1,13,2.836070871,1.679190532
159,4.578090804,7.70449555,2,1,75,4.578090804,7.70449555
160,8.689027121,2.946736724,2,1,29,8.689027121,2.946736724
161,5.16551631,8.718774053,2,1,86,5.16551631,8.718774053
162,2.658771435,6.893802157,2,1,63,2.658771435,6.893802157
163,8.686213219,7.862373544,2,1,79,8.686213219,7.862373544
164,6.901659735,4.080160884,2,1,47,6.901659735,4.080160884
165,5.945103467,7.754383115,2,1,76,5.945103467,7.754383115
166,9.235723831,8.394363998,2,1,90,9.235723831,8.394363998
167,1.493828474,3.77073922,2,1,32,1.493828474,3.77073922
168,8.064511195,1.508225442,2,0,19,8.5,1.5
169,3.114460232,0.063372136,2,1,4,3.114460232,0.063372136
170,9.208744697,4.918880584,2,1,50,9.208744697,4.918880584
171,6.495810472,4.700864274,2,1,47,6.495810472,4.700864274
172,1.783565462,8.577637523,2,1,82,1.783565462,8.577637523
173,4.4137963,1.768809976,2,1,15,4.4137963,1.768809976
174,7.546392297,5.60150238,2,1,58,7.546392297,5.60150238
175,2.576926639,8.915514662,2,1,83,2.576926639,8.915514662
176,9.989377656,7.744046184,2,1,80,9.989377656,7.744046184
177,5.224501409,5.727240131,2,1,56,5.224501409,5.727240131
178,9.981128222,2.287035326,2,0,30,9.5,2.5
179,4.026084305,7.990874106,2,1,75,4.026084305,7.990874106
180,5.843024231,2.796680611,2,1,26,5.843024231,2.796680611
181,8.918118891,7.487714128,2,1,79,8.918118891,7.487714128
182,8.534271207,3.701040107,2,1,39,8.534271207,3.701040107
183,4.29233127,0.862742669,2,1,5,4.29233127,0.862742669
184,2.787725986,2.982543129,2,1,23,2.787725986,2.982543129
185,8.918579654,7.470621767,2,0,79,8.5,7.5
186,9.873077427,8.941122778,2,1,90,9.873077427,8.941122778
187,1.395892045,7.661488436,2,1,72,1.395892045,7.661488436
188,5.403982888,8.698932955,2,1,86,5.403982888,8.698932955
189,3.105859275,6.15522658,2,1,64,3.105859275,6.15522658
190,8.520803752,8.298664046,2,1,89,8.520803752,8.298664046
191,0.435301224,1.749511205,2,1,11,0.435301224,1.749511205
192,3.721722844,7.87731918,2,1,74,3.721722844,7.87731918
193,5.159765771,8.940717746,2,1,86,5.159765771,8.940717746
194,7.677630151,9.420491301,2,1,98,7.677630151,9.420491301
195,2.873498579,0.455420699,2,1,3,2.873498579,0.455420699
196,8.166487757,5.93081933,2,1,59,8.166487757,5.93081933
197,0.052734755,9.308800381,2,0,91,0.5,9.5
198,0.223096041,1.450251685,2,1,11,0.223096041,1.450251685
199,2.429706121,8.624170746,2,1,83,2.429706121,8.624170746
200,8.313589729,2.292148308,2,1,29,8.313589729,2.292148308
201,0.740482958,3.761841753,3,1,31,0.740482958,3.761841753
202,1.118663577,2.294918261,3,0,22,1.5,2.5
203,6.23944005,9.693079393,3,1,97,6.23944005,9.693079393
204,6.710818005,1.315973925,3,1,17,6.710818005,1.315973925
205,3.658942101,6.090284963,3,1,64,3.658942101,6.090284963
206,1.831813876,2.840458418,3,1,22,1.831813876,2.840458418
207,0.267197022,2.635943017,3,1,21,0.267197022,2.635943017
208,4.904525226,9.508657318,3,1,95,4.904525226,9.508657318
209,5.959279626,8.2079199,3,1,86,5.959279626,8.2079199
210,9.561435473,4.526697919,3,1,50,9.561435473,4.526697919
211,3.583891217,5.834136736,3,1,54,3.583891217,5.834136736
212,1.794557348,3.452056898,3,0,32,1.5,3.5
213,9.925072459,0.277914638,3,1,10,9.925072459,0.277914638
214,0.307017399,4.603804315,3,1,41,0.307017399,4.603804315
215,7.231052381,3.850745226,3,1,38,7.231052381,3.850745226
216,0.444233012,1.088757492,3,1,11,0.444233012,1.088757492
217,2.822397458,0.508812265,3,1,3,2.822397458,0.508812265
218,0.579038612,7.306495069,3,1,71,0.579038612,7.306495069
219,6.578594719,2.705351291,3,1,27,6.578594719,2.705351291
220,9.009964415,0.166722643,3,1,10,9.009964415,0.166722643
221,4.819521729,3.251113426,3,1,35,4.819521729,3.251113426
222,7.181407583,9.308135244,3,1,98,7.181407583,9.308135244
223,6.703573109,9.12691443,3,1,97,6.703573109,9.12691443
224,3.69554271,0.51604795,3,0,4,3.5,0.5
225,9.873036686,0.703646224,3,0,10,9.5,0.5
226,3.5794579,8.402259385,3,0,84,3.5,8.5
227,2.788857319,5.409858502,3,0,53,2.5,5.5
228,2.95218332,7.554345054,3,1,73,2.95218332,7.554345054
229,7.255336624,5.785532333,3,1,58,7.255336624,5.785532333
230,5.237081419,1.197680479,3,1,16,5.237081419,1.197680479
231,8.987095996,3.301124973,3,1,39,8.987095996,3.301124973
232,5.545343428,9.003482163,3,0,96,5.5,9.5
233,1.809445946,2.283648478,3,1,22,1.809445946,2.283648478
234,9.876774119,3.095522767,3,1,40,9.876774119,3.095522767
235,0.84494587,7.709283479,3,1,71,0.84494587,7.709283479
236,2.801534366,9.691862443,3,1,93,2.801534366,9.691862443
237,3.86777909,6.826909601,3,0,64,3.5,6.5
238,6.67581453,3.562871909,3,1,37,6.67581453,3.562871909
239,5.32471244,5.960965527,3,1,56,5.32471244,5.960965527
240,2.309613279,8.180598624,3,1,83,2.309613279,8.180598624
241,6.322789586,6.044013635,3,1,67,6.322789586,6.044013635
242,5.387201041,3.874520396,3,1,36,5.387201041,3.874520396
243,7.143498582,9.498445827,3,0,98,7.5,9.5
244,7.776339562,3.415427592,3,1,38,7.776339562,3.415427592
245,1.750944504,8.381815243,3,1,82,1.750944504,8.381815243
246,7.839953292,0.177968349,3,1,8,7.839953292,0.177968349
247,9.578954901,3.643311195,3,0,40,9.5,3.5
248,8.814035228,8.144031041,3,1,89,8.814035228,8.144031041
249,9.438924305,4.411848222,3,1,50,9.438924305,4.411848222
250,1.69567442,2.622017763,3,1,22,1.69567442,2.622017763
251,1.497638875,3.91961331,3,1,32,1.497638875,3.91961331
252,1.511258967,4.984192541,3,1,42,1.511258967,4.984192541
253,6.441252246,8.91100391,3,1,87,6.441252246,8.91100391
254,6.677409671,5.515130681,3,1,57,6.677409671,5.515130681
255,6.695453662,3.418227958,3,1,37,6.695453662,3.418227958
256,2.101825897,4.546036895,3,1,43,2.101825897,4.546036895
257,1.899729352,1.374967394,3,0,12,1.5,1.5
258,4.772995557,8.702494591,3,1,85,4.772995557,8.702494591
259,7.766468618,7.209700283,3,1,78,7.766468618,7.209700283
260,7.732800439,7.284384521,3,0,78,7.5,7.5
261,5.256271476,8.342550483,3,1,86,5.256271476,8.342550483
262,9.796446976,6.601193016,3,1,70,9.796446976,6.601193016
263,9.892327306,7.52925019,3,1,80,9.892327306,7.52925019
264,5.265949385,2.035450917,3,1,26,5.265949385,2.035450917
265,0.968042568,8.521126572,3,0,81,0.5,8.5
266,5.685671722,1.218286308,3,1,16,5.685671722,1.218286308
267,1.401518788,5.652678399,3,1,52,1.401518788,5.652678399
268,5.900340097,8.314134614,3,1,86,5.900340097,8.314134614
269,9.316671949,0.411653044,3,1,10,9.316671949,0.411653044
270,1.996481733,0.941648281,3,1,2,1.996481733,0.941648281
271,4.087492176,6.404017047,3,1,65,4.087492176,6.404017047
272,3.69433298,6.813107983,3,1,64,3.69433298,6.813107983
273,7.46998376,8.652210203,3,1,88,7.46998376,8.652210203
274,1.129919598,2.831505686,3,1,22,1.129919598,2.831505686
275,1.229598669,7.627213853,3,0,72,1.5,7.5
276,7.196786024,4.145971083,3,1,48,7.196786024,4.145971083
277,8.602717069,2.47336797,3,1,29,8.602717069,2.47336797
278,2.409119019,4.685051953,3,1,43,2.409119019,4.685051953
279,6.642943604,7.858417749,3,1,77,6.642943604,7.858417749
280,3.188978622,2.165009549,3,1,24,3.188978622,2.165009549
281,7.811421347,9.070112861,3,1,98,7.811421347,9.070112861
282,6.59678282,4.90047599,3,1,47,6.59678282,4.90047599
283,2.34904852,9.77546369,3,1,93,2.34904852,9.77546369
284,2.457474642,2.671543793,3,0,23,2.5,2.5
285,6.946503201,9.006932296,3,1,97,6.946503201,9.006932296
286,2.436740242,2.711660927,3,1,23,2.436740242,2.711660927
287,5.614375651,5.465927264,3,1,56,5.614375651,5.465927264
288,7.965775162,8.460820932,3,1,88,7.965775162,8.460820932
289,6.214332704,8.250970403,3,1,87,6.214332704,8.250970403
290,4.702917642,8.470820677,3,1,85,4.702917642,8.470820677
291,6.241936809,9.087366927,3,1,97,6.241936809,9.087366927
292,9.998536459,9.44219138,3,1,100,9.998536459,9.44219138
293,7.604279683,8.368352954,3,1,88,7.604279683,8.368352954
294,1.203534391,2.583821393,3,1,22,1.203534391,2.583821393
295,3.218845841,7.441365675,3,1,74,3.218845841,7.441365675
296,7.720227989,2.40932147,3,1,28,7.720227989,2.40932147
297,9.55274683,8.430227533,3,1,90,9.55274683,8.430227533
298,3.987585572,8.08800563,3,1,84,3.987585572,8.08800563
299,1.943477313,0.536084243,3,1,2,1.943477313,0.536084243
300,9.830981779,1.814482871,3,1,20,9.830981779,1.814482871
301,1.464388589,3.990166062,4,1,32,1.464388589,3.990166062
302,8.073435575,8.262537078,4,1,89,8.073435575,8.262537078
303,7.024702793,9.718157267,4,1,98,7.024702793,9.718157267
304,7.994765504,0.032143125,4,1,8,7.994765504,0.032143125
305,5.308011908,7.585200663,4,1,76,5.308011908,7.585200663
306,4.601550316,4.961618427,4,1,45,4.601550316,4.961618427
307,1.527190842,2.46452654,4,1,22,1.527190842,2.46452654
308,9.981067197,4.797292568,4,0,50,9.5,4.5
309,5.57312655,3.678219249,4,1,36,5.57312655,3.678219249
310,4.921832909,0.945106256,4,1,5,4.921832909,0.945106256
311,4.125866145,1.535344713,4,1,15,4.125866145,1.535344713
312,2.574017451,0.145918166,4,1,3,2.574017451,0.145918166
313,1.642025309,9.505927942,4,1,92,1.642025309,9.505927942
314,8.716552516,4.749303707,4,1,49,8.716552516,4.749303707
315,6.312931445,0.398957792,4,1,7,6.312931445,0.398957792
316,9.63963124,0.244301422,4,0,10,9.5,0.5
317,9.437851759,9.643445716,4,1,100,9.437851759,9.643445716
318,9.550029263,0.549585838,4,1,10,9.550029263,0.549585838
319,8.979266684,0.81107785,4,1,9,8.979266684,0.81107785
320,4.219302665,1.177249243,4,1,15,4.219302665,1.177249243
321,9.980573819,9.363304379,4,1,100,9.980573819,9.363304379
322,7.755011842,2.968458983,4,1,28,7.755011842,2.968458983
323,7.527720563,9.876145748,4,1,98,7.527720563,9.876145748
324,1.412686328,2.940116234,4,1,22,1.412686328,2.940116234
325,2.492105651,6.735462842,4,0,63,2.5,6.5
326,5.854154662,2.448427905,4,0,26,5.5,2.5
327,4.34916571,5.588736115,4,1,55,4.34916571,5.588736115
328,1.142696289,3.825091897,4,1,32,1.142696289,3.825091897
329,7.610274917,3.792404297,4,1,38,7.610274917,3.792404297
330,8.924119556,6.780126344,4,1,69,8.924119556,6.780126344
331,1.460172094,9.155603107,4,1,92,1.460172094,9.155603107
332,3.81221835,9.665144233,4,1,94,3.81221835,9.665144233
333,1.694783983,9.397026422,4,1,92,1.694783983,9.397026422
334,9.996229515,1.916599728,4,1,20,9.996229515,1.916599728
335,1.722816133,4.833766907,4,0,42,1.5,4.5
336,5.48413014,3.737045389,4,1,36,5.48413014,3.737045389
337,5.889280681,1.589062025,4,1,16,5.889280681,1.589062025
338,9.279866007,9.499296159,4,1,100,9.279866007,9.499296159
339,6.403726977,8.797863021,4,0,87,6.5,8.5
340,4.875336343,6.596996493,4,1,65,4.875336343,6.596996493
341,2.534378322,5.514712811,4,1,53,2.534378322,5.514712811
342,1.316145025,9.664301455,4,1,92,1.316145025,9.664301455
343,4.496648377,4.679199778,4,1,45,4.496648377,4.679199778
344,7.890899673,8.380319811,4,1,88,7.890899673,8.380319811
345,9.49743764,5.967692949,4,1,60,9.49743764,5.967692949
346,3.616045164,1.737988186,4,1,14,3.616045164,1.737988186
347,3.060428584,3.20151337,4,1,34,3.060428584,3.20151337
348,3.677678935,2.870753417,4,1,24,3.677678935,2.870753417
349,3.020592551,5.198486489,4,1,54,3.020592551,5.198486489
350,0.584464341,9.615555708,4,1,91,0.584464341,9.615555708
351,9.104696945,9.990067754,4,1,100,9.104696945,9.990067754
352,1.490913092,2.110453751,4,1,22,1.490913092,2.110453751
353,5.348577965,8.417763279,4,1,86,5.348577965,8.417763279
354,3.426006706,8.804711453,4,1,84,3.426006706,8.804711453
355,7.045984985,3.207009914,4,1,38,7.045984985,3.207009914
356,5.360680663,8.888234745,4,1,86,5.360680663,8.888234745
357,9.321748493,6.917257796,4,1,70,9.321748493,6.917257796
358,9.437590668,6.586742119,4,1,70,9.437590668,6.586742119
359,8.097003708,1.284078269,4,1,19,8.097003708,1.284078269
360,5.656728693,2.465344926,4,1,26,5.656728693,2.465344926
361,6.900123111,0.972814884,4,1,7,6.900123111,0.972814884
362,4.135976892,8.692099554,4,1,85,4.135976892,8.692099554
363,4.023171696,1.86340844,4,1,15,4.023171696,1.86340844
364,0.119762279,4.644625811,4,1,41,0.119762279,4.644625811
365,2.330688597,2.554079702,4,1,23,2.330688597,2.554079702
366,2.179372259,2.632267696,4,1,23,2.179372259,2.632267696
367,8.089935766,3.941793332,4,1,39,8.089935766,3.941793332
368,5.413259731,6.746030455,4,1,66,5.413259731,6.746030455
369,2.234471045,0.336642475,4,1,3,2.234471045,0.336642475
370,3.357851657,6.862384987,4,1,64,3.357851657,6.862384987
371,6.564962866,5.903246717,4,1,57,6.564962866,5.903246717
372,6.969576094,8.224876346,4,1,87,6.969576094,8.224876346
373,2.974523529,7.578894778,4,1,73,2.974523529,7.578894778
374,3.961848908,8.291300316,4,1,84,3.961848908,8.291300316
375,5.000047591,9.008981765,4,1,96,5.000047591,9.008981765
376,9.799329187,4.576405832,4,1,50,9.799329187,4.576405832
377,7.933723258,0.872943483,4,0,8,7.5,0.5
378,7.532254597,7.248926423,4,1,78,7.532254597,7.248926423
379,6.060810254,5.26502711,4,1,57,6.060810254,5.26502711
380,2.913020437,6.213709523,4,1,63,2.913020437,6.213709523
381,3.490075939,7.129951278,4,1,74,3.490075939,7.129951278
382,3.647717535,3.86264323,4,1,34,3.647717535,3.86264323
383,3.726819237,5.715803632,4,0,54,3.5,5.5
384,1.284956238,1.474024989,4,1,12,1.284956238,1.474024989
385,9.535221935,0.297682707,4,1,10,9.535221935,0.297682707
386,1.15461037,7.615556084,4,0,72,1.5,7.5
387,0.019837406,9.904265481,4,0,91,0.5,9.5
388,3.173126834,4.371268027,4,0,44,3.5,4.5
389,7.330744718,7.917125358,4,1,78,7.330744718,7.917125358
390,0.276630346,1.768635479,4,1,11,0.276630346,1.768635479
391,0.137779219,4.859863359,4,1,41,0.137779219,4.859863359
392,3.041833146,6.892548474,4,0,64,3.5,6.5
393,3.925450768,1.87574663,4,1,14,3.925450768,1.87574663
394,8.668504574,2.094245942,4,0,29,8.5,2.5
395,1.782331136,6.80473472,4,1,62,1.782331136,6.80473472
396,4.964997263,4.032291679,4,0,45,4.5,4.5
397,3.796947177,9.555166778,4,0,94,3.5,9.5
398,1.906549863,6.189260439,4,1,62,1.906549863,6.189260439
399,9.944026151,9.526674657,4,1,100,9.944026151,9.526674657
400,0.287770783,1.508148224,4,1,11,0.287770783,1.508148224
401,9.734580717,5.704418791,5,1,60,9.734580717,5.704418791
402,7.717425169,4.786616669,5,0,48,7.5,4.5
403,4.949799904,3.072271713,5,1,35,4.949799904,3.072271713
404,3.926060586,8.855425692,5,1,84,3.926060586,8.855425692
405,1.053058701,5.418244139,5,1,52,1.053058701,5.418244139
406,3.56070566,4.221331652,5,1,44,3.56070566,4.221331652
407,7.807699419,1.191684923,5,1,18,7.807699419,1.191684923
408,6.379631343,6.713813716,5,0,67,6.5,6.5
409,7.892697346,7.986749124,5,1,78,7.892697346,7.986749124
410,8.078650569,1.521968676,5,1,19,8.078650569,1.521968676
411,0.669676473,6.030216871,5,1,61,0.669676473,6.030216871
412,4.630414257,2.530498584,5,1,25,4.630414257,2.530498584
413,7.210136862,1.633190166,5,1,18,7.210136862,1.633190166
414,6.74881998,1.384318958,5,1,17,6.74881998,1.384318958
415,2.00270209,9.87214854,5,0,93,2.5,9.5
416,4.166212399,2.703364333,5,1,25,4.166212399,2.703364333
417,2.194700309,2.792077484,5,1,23,2.194700309,2.792077484
418,0.244625087,9.43206392,5,1,91,0.244625087,9.43206392
419,1.134177197,1.8233773,5,1,12,1.134177197,1.8233773
420,2.694034053,8.753479121,5,1,83,2.694034053,8.753479121
421,5.075094006,1.850099864,5,1,16,5.075094006,1.850099864
422,3.680895302,4.238912032,5,1,44,3.680895302,4.238912032
423,0.857605974,2.984306412,5,1,21,0.857605974,2.984306412
424,9.837600302,1.258504619,5,1,20,9.837600302,1.258504619
425,0.2328947,6.022573186,5,1,61,0.2328947,6.022573186
426,6.28853515,3.374417683,5,1,37,6.28853515,3.374417683
427,0.155342212,4.128151669,5,1,41,0.155342212,4.128151669
428,1.454639249,9.202975114,5,1,92,1.454639249,9.202975114
429,5.267790349,9.382713046,5,1,96,5.267790349,9.382713046
430,5.420799849,5.068332725,5,1,56,5.420799849,5.068332725
431,8.051753514,1.065200011,5,1,19,8.051753514,1.065200011
432,6.038305885,2.549485061,5,1,27,6.038305885,2.549485061
433,2.167288836,8.949993884,5,0,83,2.5,8.5
434,6.228556526,0.221503857,5,1,7,6.228556526,0.221503857
435,2.890437399,4.038751472,5,1,43,2.890437399,4.038751472
436,6.671115216,3.84881143,5,1,37,6.671115216,3.84881143
437,7.602014516,2.66727603,5,1,28,7.602014516,2.66727603
438,3.06276659,0.569758499,5,1,4,3.06276659,0.569758499
439,5.759596669,1.552508334,5,1,16,5.759596669,1.552508334
440,1.125625339,4.193422624,5,1,42,1.125625339,4.193422624
441,9.494639398,4.792981779,5,1,50,9.494639398,4.792981779
442,6.428154162,4.151202994,5,1,47,6.428154162,4.151202994
443,4.303288592,1.846698078,5,1,15,4.303288592,1.846698078
444,5.464634192,2.004146336,5,1,26,5.464634192,2.004146336
445,3.585011321,1.759594269,5,1,14,3.585011321,1.759594269
446,0.874226715,1.744498909,5,1,11,0.874226715,1.744498909
447,9.846748004,8.946724099,5,1,90,9.846748004,8.946724099
448,0.191001382,0.463559353,5,1,1,0.191001382,0.463559353
449,4.482543985,9.640667944,5,1,95,4.482543985,9.640667944
450,2.707467782,2.483076134,5,1,23,2.707467782,2.483076134
451,0.945963445,2.648695582,5,1,21,0.945963445,2.648695582
452,4.722518229,4.233385879,5,1,45,4.722518229,4.233385879
453,7.45295167,4.241499309,5,1,48,7.45295167,4.241499309
454,2.845159476,3.236493303,5,0,33,2.5,3.5
455,5.365728016,1.069691682,5,0,16,5.5,1.5
456,7.665877207,2.098872499,5,0,28,7.5,2.5
457,6.729494918,4.231947716,5,1,47,6.729494918,4.231947716
458,8.46425449,5.656809448,5,1,59,8.46425449,5.656809448
459,7.068080232,6.662120614,5,1,68,7.068080232,6.662120614
460,0.738496373,5.147999781,5,0,51,0.5,5.5
461,9.474673087,5.570241997,5,1,60,9.474673087,5.570241997
462,4.169163904,7.361288555,5,1,75,4.169163904,7.361288555
463,9.067978328,3.993826872,5,1,40,9.067978328,3.993826872
464,1.865825001,8.109795756,5,1,82,1.865825001,8.109795756
465,4.610289908,2.35604339,5,1,25,4.610289908,2.35604339
466,2.629596926,6.070640967,5,1,63,2.629596926,6.070640967
467,6.495973179,5.578452493,5,1,57,6.495973179,5.578452493
468,2.503395195,0.710683237,5,1,3,2.503395195,0.710683237
469,7.808425387,0.269078154,5,1,8,7.808425387,0.269078154
470,9.273357114,1.647982965,5,1,20,9.273357114,1.647982965
471,6.577933165,2.157964534,5,1,27,6.577933165,2.157964534
472,7.528352016,0.942005604,5,0,8,7.5,0.5
473,4.893163582,7.852984699,5,1,75,4.893163582,7.852984699
474,1.462886946,3.593874336,5,1,32,1.462886946,3.593874336
475,9.100494571,2.281348545,5,1,30,9.100494571,2.281348545
476,5.274670776,5.518939625,5,0,56,5.5,5.5
477,7.718367139,0.0616404,5,1,8,7.718367139,0.0616404
478,0.548758237,1.210415098,5,1,11,0.548758237,1.210415098
479,3.275570786,0.593257223,5,0,4,3.5,0.5
480,4.167841296,3.002370577,5,0,35,4.5,3.5
481,2.30612763,9.366045285,5,1,93,2.30612763,9.366045285
482,1.268194043,7.376139672,5,1,72,1.268194043,7.376139672
483,1.975031814,9.689714864,5,0,92,1.5,9.5
484,4.731102975,2.681571157,5,0,25,4.5,2.5
485,0.901106233,0.340422718,5,1,1,0.901106233,0.340422718
486,5.441550859,7.799089495,5,1,76,5.441550859,7.799089495
487,7.448201948,7.136312551,5,1,78,7.448201948,7.136312551
488,5.670394513,1.46146307,5,1,16,5.670394513,1.46146307
489,3.60787387,3.588188435,5,0,34,3.5,3.5
490,2.84619912,0.677662394,5,1,3,2.84619912,0.677662394
491,5.197163648,2.795065658,5,1,26,5.197163648,2.795065658
492,8.490897999,7.090099736,5,1,79,8.490897999,7.090099736
493,1.388852927,7.287410661,5,1,72,1.388852927,7.287410661
494,7.773025234,5.11366053,5,1,58,7.773025234,5.11366053
495,5.146191004,7.011773952,5,1,76,5.146191004,7.011773952
496,1.32194049,3.539337232,5,1,32,1.32194049,3.539337232
497,0.043502736,3.650908542,5,1,31,0.043502736,3.650908542
498,3.17295935,0.226888959,5,1,4,3.17295935,0.226888959
499,0.158841938,2.50085969,5,1,21,0.158841938,2.50085969
500,1.390875794,2.917988356,5,1,22,1.390875794,2.917988356
501,8.626897095,3.815361694,6,1,39,8.626897095,3.815361694
502,6.082116812,4.523227848,6,1,47,6.082116812,4.523227848
503,0.460577654,2.851798397,6,1,21,0.460577654,2.851798397
504,5.692874664,6.228053977,6,1,66,5.692874664,6.228053977
505,3.06271997,0.651650312,6,1,4,3.06271997,0.651650312
506,8.412009641,5.511273968,6,0,59,8.5,5.5
507,0.985250608,8.824496921,6,1,81,0.985250608,8.824496921
508,5.886566867,4.164324237,6,0,46,5.5,4.5
509,2.545108777,1.010032811,6,1,13,2.545108777,1.010032811
510,1.317005057,7.034627311,6,1,72,1.317005057,7.034627311
511,5.44253852,2.498615733,6,1,26,5.44253852,2.498615733
512,6.318084809,7.73369594,6,1,77,6.318084809,7.73369594
513,9.54311827,3.364108365,6,1,40,9.54311827,3.364108365
514,3.371702451,3.371378439,6,1,34,3.371702451,3.371378439
515,9.253416911,1.043830437,6,1,20,9.253416911,1.043830437
516,0.946961802,9.308103414,6,0,91,0.5,9.5
517,5.823135548,2.12180513,6,0,26,5.5,2.5
518,7.428536937,2.204956647,6,0,28,7.5,2.5
519,2.961972298,8.723777924,6,1,83,2.961972298,8.723777924
520,7.585533175,5.513432366,6,1,58,7.585533175,5.513432366
521,5.995582908,7.692947735,6,1,76,5.995582908,7.692947735
522,9.905555141,9.1006884,6,1,100,9.905555141,9.1006884
523,1.66398281,9.435442819,6,1,92,1.66398281,9.435442819
524,2.938715029,7.259484988,6,1,73,2.938715029,7.259484988
525,5.20716531,8.649512643,6,1,86,5.20716531,8.649512643
526,6.906115487,9.794496109,6,1,97,6.906115487,9.794496109
527,8.984169711,1.629042011,6,1,19,8.984169711,1.629042011
528,3.292108497,6.243605174,6,1,64,3.292108497,6.243605174
529,3.2005003,7.974451066,6,1,74,3.2005003,7.974451066
530,4.738030666,6.266113701,6,1,65,4.738030666,6.266113701
531,2.960050697,0.583043448,6,1,3,2.960050697,0.583043448
532,6.430024058,1.743809909,6,1,17,6.430024058,1.743809909
533,7.971605549,9.061948515,6,1,98,7.971605549,9.061948515
534,8.258699214,2.786321596,6,1,29,8.258699214,2.786321596
535,6.387123864,9.375037097,6,1,97,6.387123864,9.375037097
536,8.374198002,0.102463877,6,1,9,8.374198002,0.102463877
537,6.743795443,4.903735982,6,1,47,6.743795443,4.903735982
538,2.767656536,6.883435249,6,1,63,2.767656536,6.883435249
539,8.104385089,2.71046228,6,1,29,8.104385089,2.71046228
540,2.989508307,0.788902338,6,1,3,2.989508307,0.788902338
541,4.568387214,5.444440176,6,0,55,4.5,5.5
542,3.212889272,9.889415551,6,1,94,3.212889272,9.889415551
543,0.073819121,6.490219953,6,1,61,0.073819121,6.490219953
544,9.09716415,4.783937526,6,0,50,9.5,4.5
545,7.689870165,1.708733421,6,1,18,7.689870165,1.708733421
546,0.060619325,9.241595345,6,1,91,0.060619325,9.241595345
547,0.709919615,9.010481031,6,1,91,0.709919615,9.010481031
548,8.001799625,3.733117697,6,1,39,8.001799625,3.733117697
549,6.469856289,8.045694828,6,1,87,6.469856289,8.045694828
550,4.38128093,2.477854113,6,0,25,4.5,2.5
551,7.468357456,8.371286849,6,1,88,7.468357456,8.371286849
552,4.889793457,4.956996047,6,0,45,4.5,4.5
553,4.780435406,3.762407338,6,1,35,4.780435406,3.762407338
554,8.268411641,0.997000576,6,1,9,8.268411641,0.997000576
555,5.67345741,5.129479058,6,1,56,5.67345741,5.129479058
556,9.789378403,7.406276506,6,1,80,9.789378403,7.406276506
557,8.847571842,7.855387412,6,1,79,8.847571842,7.855387412
558,4.65200315,3.254575843,6,1,35,4.65200315,3.254575843
559,7.966196751,6.328821792,6,1,68,7.966196751,6.328821792
560,6.744756014,6.594305234,6,1,67,6.744756014,6.594305234
561,9.031878023,8.275696321,6,1,90,9.031878023,8.275696321
562,5.429023891,6.101062652,6,1,66,5.429023891,6.101062652
563,1.001181565,7.152516034,6,1,72,1.001181565,7.152516034
564,7.843462476,2.261854331,6,1,28,7.843462476,2.261854331
565,1.747397266,6.019573668,6,1,62,1.747397266,6.019573668
566,6.315856345,6.778991662,6,1,67,6.315856345,6.778991662
567,6.433313393,4.09795847,6,1,47,6.433313393,4.09795847
568,1.567327145,8.232548402,6,1,82,1.567327145,8.232548402
569,4.958879275,6.21867615,6,1,65,4.958879275,6.21867615
570,3.643726397,4.965277051,6,1,44,3.643726397,4.965277051
571,2.775235972,0.539308682,6,1,3,2.775235972,0.539308682
572,3.753485875,2.853471062,6,1,24,3.753485875,2.853471062
573,8.225737766,1.847500226,6,1,19,8.225737766,1.847500226
574,1.979652247,3.792009023,6,1,32,1.979652247,3.792009023
575,4.625568339,8.039169163,6,0,85,4.5,8.5
576,7.331999408,5.321836197,6,1,58,7.331999408,5.321836197
577,8.361972459,0.248775959,6,1,9,8.361972459,0.248775959
578,9.361541804,9.6107675,6,1,100,9.361541804,9.6107675
579,1.84412231,8.286187218,6,1,82,1.84412231,8.286187218
580,2.433268526,7.635793353,6,0,73,2.5,7.5
581,5.937904585,5.414367521,6,1,56,5.937904585,5.414367521
582,4.57784649,5.72389733,6,1,55,4.57784649,5.72389733
583,2.395042714,1.481831826,6,0,13,2.5,1.5
584,2.533327029,5.100074382,6,1,53,2.533327029,5.100074382
585,0.959468617,7.609991024,6,1,71,0.959468617,7.609991024
586,5.066280817,9.675975754,6,1,96,5.066280817,9.675975754
587,7.959882154,5.695754269,6,1,58,7.959882154,5.695754269
588,0.560270117,1.156634898,6,1,11,0.560270117,1.156634898
589,7.197651223,1.449206753,6,1,18,7.197651223,1.449206753
590,7.313004846,6.195184516,6,0,68,7.5,6.5
591,0.873420192,2.480453337,6,1,21,0.873420192,2.480453337
592,9.340515318,4.90211878,6,1,50,9.340515318,4.90211878
593,6.250865166,1.551299221,6,1,17,6.250865166,1.551299221
594,9.020799072,7.53449416,6,1,80,9.020799072,7.53449416
595,3.96374685,9.90270402,6,1,94,3.96374685,9.90270402
596,7.495278532,2.883984251,6,0,28,7.5,2.5
597,1.182046775,1.207089669,6,1,12,1.182046775,1.207089669
598,1.670464189,2.977520374,6,1,22,1.670464189,2.977520374
599,5.742687476,0.161197789,6,1,6,5.742687476,0.161197789
600,5.926830822,6.759127118,6,0,66,5.5,6.5
